<?xml version="1.0" encoding="utf-8"?>
<merger version="3"><dataSet aapt-namespace="http://schemas.android.com/apk/res-auto" config="main$Generated" generated="true" ignore_pattern="!.svn:!.git:!.ds_store:!*.scc:.*:&lt;dir>_*:!CVS:!thumbs.db:!picasa.ini:!*~"><source path="D:\project\android\SmartCharger_CL\kepco_charger\src\main\res"/><source path="D:\project\android\SmartCharger_CL\kepco_charger\build\generated\res\rs\debug"/><source path="D:\project\android\SmartCharger_CL\kepco_charger\build\generated\res\resValues\debug"/></dataSet><dataSet aapt-namespace="http://schemas.android.com/apk/res-auto" config="main" generated-set="main$Generated" ignore_pattern="!.svn:!.git:!.ds_store:!*.scc:.*:&lt;dir>_*:!CVS:!thumbs.db:!picasa.ini:!*~"><source path="D:\project\android\SmartCharger_CL\kepco_charger\src\main\res"><file name="ani_waiting" path="D:\project\android\SmartCharger_CL\kepco_charger\src\main\res\anim\ani_waiting.xml" qualifiers="" type="anim"/><file name="ani_credit_card" path="D:\project\android\SmartCharger_CL\kepco_charger\src\main\res\drawable\ani_credit_card.xml" qualifiers="" type="drawable"/><file name="ani_keepplug_01" path="D:\project\android\SmartCharger_CL\kepco_charger\src\main\res\drawable\ani_keepplug_01.png" qualifiers="" type="drawable"/><file name="ani_keepplug_02" path="D:\project\android\SmartCharger_CL\kepco_charger\src\main\res\drawable\ani_keepplug_02.png" qualifiers="" type="drawable"/><file name="ani_keepplug_03" path="D:\project\android\SmartCharger_CL\kepco_charger\src\main\res\drawable\ani_keepplug_03.png" qualifiers="" type="drawable"/><file name="ani_keepplug_04" path="D:\project\android\SmartCharger_CL\kepco_charger\src\main\res\drawable\ani_keepplug_04.png" qualifiers="" type="drawable"/><file name="ani_keepplug_05" path="D:\project\android\SmartCharger_CL\kepco_charger\src\main\res\drawable\ani_keepplug_05.png" qualifiers="" type="drawable"/><file name="ani_keepplug_06" path="D:\project\android\SmartCharger_CL\kepco_charger\src\main\res\drawable\ani_keepplug_06.png" qualifiers="" type="drawable"/><file name="ani_keepplug_wait" path="D:\project\android\SmartCharger_CL\kepco_charger\src\main\res\drawable\ani_keepplug_wait.xml" qualifiers="" type="drawable"/><file name="ani_member_card" path="D:\project\android\SmartCharger_CL\kepco_charger\src\main\res\drawable\ani_member_card.xml" qualifiers="" type="drawable"/><file name="ani_plug_01" path="D:\project\android\SmartCharger_CL\kepco_charger\src\main\res\drawable\ani_plug_01.png" qualifiers="" type="drawable"/><file name="ani_plug_02" path="D:\project\android\SmartCharger_CL\kepco_charger\src\main\res\drawable\ani_plug_02.png" qualifiers="" type="drawable"/><file name="ani_plug_03" path="D:\project\android\SmartCharger_CL\kepco_charger\src\main\res\drawable\ani_plug_03.png" qualifiers="" type="drawable"/><file name="ani_plug_04" path="D:\project\android\SmartCharger_CL\kepco_charger\src\main\res\drawable\ani_plug_04.png" qualifiers="" type="drawable"/><file name="ani_plug_05" path="D:\project\android\SmartCharger_CL\kepco_charger\src\main\res\drawable\ani_plug_05.png" qualifiers="" type="drawable"/><file name="ani_plug_06" path="D:\project\android\SmartCharger_CL\kepco_charger\src\main\res\drawable\ani_plug_06.png" qualifiers="" type="drawable"/><file name="ani_plug_wait" path="D:\project\android\SmartCharger_CL\kepco_charger\src\main\res\drawable\ani_plug_wait.xml" qualifiers="" type="drawable"/><file name="arrow_move" path="D:\project\android\SmartCharger_CL\kepco_charger\src\main\res\drawable\arrow_move.png" qualifiers="" type="drawable"/><file name="btn_0" path="D:\project\android\SmartCharger_CL\kepco_charger\src\main\res\drawable\btn_0.png" qualifiers="" type="drawable"/><file name="btn_0_p" path="D:\project\android\SmartCharger_CL\kepco_charger\src\main\res\drawable\btn_0_p.png" qualifiers="" type="drawable"/><file name="btn_1" path="D:\project\android\SmartCharger_CL\kepco_charger\src\main\res\drawable\btn_1.png" qualifiers="" type="drawable"/><file name="btn_1_p" path="D:\project\android\SmartCharger_CL\kepco_charger\src\main\res\drawable\btn_1_p.png" qualifiers="" type="drawable"/><file name="btn_2" path="D:\project\android\SmartCharger_CL\kepco_charger\src\main\res\drawable\btn_2.png" qualifiers="" type="drawable"/><file name="btn_2_p" path="D:\project\android\SmartCharger_CL\kepco_charger\src\main\res\drawable\btn_2_p.png" qualifiers="" type="drawable"/><file name="btn_3" path="D:\project\android\SmartCharger_CL\kepco_charger\src\main\res\drawable\btn_3.png" qualifiers="" type="drawable"/><file name="btn_3_p" path="D:\project\android\SmartCharger_CL\kepco_charger\src\main\res\drawable\btn_3_p.png" qualifiers="" type="drawable"/><file name="btn_4" path="D:\project\android\SmartCharger_CL\kepco_charger\src\main\res\drawable\btn_4.png" qualifiers="" type="drawable"/><file name="btn_4_p" path="D:\project\android\SmartCharger_CL\kepco_charger\src\main\res\drawable\btn_4_p.png" qualifiers="" type="drawable"/><file name="btn_5" path="D:\project\android\SmartCharger_CL\kepco_charger\src\main\res\drawable\btn_5.png" qualifiers="" type="drawable"/><file name="btn_5_p" path="D:\project\android\SmartCharger_CL\kepco_charger\src\main\res\drawable\btn_5_p.png" qualifiers="" type="drawable"/><file name="btn_6" path="D:\project\android\SmartCharger_CL\kepco_charger\src\main\res\drawable\btn_6.png" qualifiers="" type="drawable"/><file name="btn_6_p" path="D:\project\android\SmartCharger_CL\kepco_charger\src\main\res\drawable\btn_6_p.png" qualifiers="" type="drawable"/><file name="btn_7" path="D:\project\android\SmartCharger_CL\kepco_charger\src\main\res\drawable\btn_7.png" qualifiers="" type="drawable"/><file name="btn_7_p" path="D:\project\android\SmartCharger_CL\kepco_charger\src\main\res\drawable\btn_7_p.png" qualifiers="" type="drawable"/><file name="btn_8" path="D:\project\android\SmartCharger_CL\kepco_charger\src\main\res\drawable\btn_8.png" qualifiers="" type="drawable"/><file name="btn_8_p" path="D:\project\android\SmartCharger_CL\kepco_charger\src\main\res\drawable\btn_8_p.png" qualifiers="" type="drawable"/><file name="btn_9" path="D:\project\android\SmartCharger_CL\kepco_charger\src\main\res\drawable\btn_9.png" qualifiers="" type="drawable"/><file name="btn_9_p" path="D:\project\android\SmartCharger_CL\kepco_charger\src\main\res\drawable\btn_9_p.png" qualifiers="" type="drawable"/><file name="btn_ac3" path="D:\project\android\SmartCharger_CL\kepco_charger\src\main\res\drawable\btn_ac3.png" qualifiers="" type="drawable"/><file name="btn_ac3_p" path="D:\project\android\SmartCharger_CL\kepco_charger\src\main\res\drawable\btn_ac3_p.png" qualifiers="" type="drawable"/><file name="btn_amount_cost" path="D:\project\android\SmartCharger_CL\kepco_charger\src\main\res\drawable\btn_amount_cost.png" qualifiers="" type="drawable"/><file name="btn_amount_cost_p" path="D:\project\android\SmartCharger_CL\kepco_charger\src\main\res\drawable\btn_amount_cost_p.png" qualifiers="" type="drawable"/><file name="btn_amount_kwh" path="D:\project\android\SmartCharger_CL\kepco_charger\src\main\res\drawable\btn_amount_kwh.png" qualifiers="" type="drawable"/><file name="btn_amount_kwh_p" path="D:\project\android\SmartCharger_CL\kepco_charger\src\main\res\drawable\btn_amount_kwh_p.png" qualifiers="" type="drawable"/><file name="btn_bs" path="D:\project\android\SmartCharger_CL\kepco_charger\src\main\res\drawable\btn_bs.png" qualifiers="" type="drawable"/><file name="btn_bs_p" path="D:\project\android\SmartCharger_CL\kepco_charger\src\main\res\drawable\btn_bs_p.png" qualifiers="" type="drawable"/><file name="btn_btype" path="D:\project\android\SmartCharger_CL\kepco_charger\src\main\res\drawable\btn_btype.png" qualifiers="" type="drawable"/><file name="btn_btype_p" path="D:\project\android\SmartCharger_CL\kepco_charger\src\main\res\drawable\btn_btype_p.png" qualifiers="" type="drawable"/><file name="btn_cancel" path="D:\project\android\SmartCharger_CL\kepco_charger\src\main\res\drawable\btn_cancel.png" qualifiers="" type="drawable"/><file name="btn_cancel2" path="D:\project\android\SmartCharger_CL\kepco_charger\src\main\res\drawable\btn_cancel2.png" qualifiers="" type="drawable"/><file name="btn_cancel2_p" path="D:\project\android\SmartCharger_CL\kepco_charger\src\main\res\drawable\btn_cancel2_p.png" qualifiers="" type="drawable"/><file name="btn_cancel_p" path="D:\project\android\SmartCharger_CL\kepco_charger\src\main\res\drawable\btn_cancel_p.png" qualifiers="" type="drawable"/><file name="btn_chademo" path="D:\project\android\SmartCharger_CL\kepco_charger\src\main\res\drawable\btn_chademo.png" qualifiers="" type="drawable"/><file name="btn_chademo_p" path="D:\project\android\SmartCharger_CL\kepco_charger\src\main\res\drawable\btn_chademo_p.png" qualifiers="" type="drawable"/><file name="btn_chend" path="D:\project\android\SmartCharger_CL\kepco_charger\src\main\res\drawable\btn_chend.png" qualifiers="" type="drawable"/><file name="btn_chend_p" path="D:\project\android\SmartCharger_CL\kepco_charger\src\main\res\drawable\btn_chend_p.png" qualifiers="" type="drawable"/><file name="btn_combo" path="D:\project\android\SmartCharger_CL\kepco_charger\src\main\res\drawable\btn_combo.png" qualifiers="" type="drawable"/><file name="btn_combo_p" path="D:\project\android\SmartCharger_CL\kepco_charger\src\main\res\drawable\btn_combo_p.png" qualifiers="" type="drawable"/><file name="btn_cost_bs" path="D:\project\android\SmartCharger_CL\kepco_charger\src\main\res\drawable\btn_cost_bs.png" qualifiers="" type="drawable"/><file name="btn_cost_bs_p" path="D:\project\android\SmartCharger_CL\kepco_charger\src\main\res\drawable\btn_cost_bs_p.png" qualifiers="" type="drawable"/><file name="btn_cost_won" path="D:\project\android\SmartCharger_CL\kepco_charger\src\main\res\drawable\btn_cost_won.png" qualifiers="" type="drawable"/><file name="btn_cost_won_p" path="D:\project\android\SmartCharger_CL\kepco_charger\src\main\res\drawable\btn_cost_won_p.png" qualifiers="" type="drawable"/><file name="btn_creditcard" path="D:\project\android\SmartCharger_CL\kepco_charger\src\main\res\drawable\btn_creditcard.png" qualifiers="" type="drawable"/><file name="btn_creditcard_p" path="D:\project\android\SmartCharger_CL\kepco_charger\src\main\res\drawable\btn_creditcard_p.png" qualifiers="" type="drawable"/><file name="btn_ctype" path="D:\project\android\SmartCharger_CL\kepco_charger\src\main\res\drawable\btn_ctype.png" qualifiers="" type="drawable"/><file name="btn_ctype_p" path="D:\project\android\SmartCharger_CL\kepco_charger\src\main\res\drawable\btn_ctype_p.png" qualifiers="" type="drawable"/><file name="btn_home" path="D:\project\android\SmartCharger_CL\kepco_charger\src\main\res\drawable\btn_home.png" qualifiers="" type="drawable"/><file name="btn_home_p" path="D:\project\android\SmartCharger_CL\kepco_charger\src\main\res\drawable\btn_home_p.png" qualifiers="" type="drawable"/><file name="btn_membercard" path="D:\project\android\SmartCharger_CL\kepco_charger\src\main\res\drawable\btn_membercard.png" qualifiers="" type="drawable"/><file name="btn_membercard_p" path="D:\project\android\SmartCharger_CL\kepco_charger\src\main\res\drawable\btn_membercard_p.png" qualifiers="" type="drawable"/><file name="btn_membernum" path="D:\project\android\SmartCharger_CL\kepco_charger\src\main\res\drawable\btn_membernum.png" qualifiers="" type="drawable"/><file name="btn_membernum_p" path="D:\project\android\SmartCharger_CL\kepco_charger\src\main\res\drawable\btn_membernum_p.png" qualifiers="" type="drawable"/><file name="btn_ok" path="D:\project\android\SmartCharger_CL\kepco_charger\src\main\res\drawable\btn_ok.png" qualifiers="" type="drawable"/><file name="btn_ok_p" path="D:\project\android\SmartCharger_CL\kepco_charger\src\main\res\drawable\btn_ok_p.png" qualifiers="" type="drawable"/><file name="btn_pay_calc" path="D:\project\android\SmartCharger_CL\kepco_charger\src\main\res\drawable\btn_pay_calc.png" qualifiers="" type="drawable"/><file name="btn_pay_calc_p" path="D:\project\android\SmartCharger_CL\kepco_charger\src\main\res\drawable\btn_pay_calc_p.png" qualifiers="" type="drawable"/><file name="btn_re" path="D:\project\android\SmartCharger_CL\kepco_charger\src\main\res\drawable\btn_re.png" qualifiers="" type="drawable"/><file name="btn_re_p" path="D:\project\android\SmartCharger_CL\kepco_charger\src\main\res\drawable\btn_re_p.png" qualifiers="" type="drawable"/><file name="btn_start" path="D:\project\android\SmartCharger_CL\kepco_charger\src\main\res\drawable\btn_start.png" qualifiers="" type="drawable"/><file name="btn_start_p" path="D:\project\android\SmartCharger_CL\kepco_charger\src\main\res\drawable\btn_start_p.png" qualifiers="" type="drawable"/><file name="btn_stop" path="D:\project\android\SmartCharger_CL\kepco_charger\src\main\res\drawable\btn_stop.png" qualifiers="" type="drawable"/><file name="btn_stop_p" path="D:\project\android\SmartCharger_CL\kepco_charger\src\main\res\drawable\btn_stop_p.png" qualifiers="" type="drawable"/><file name="btsel_ac3" path="D:\project\android\SmartCharger_CL\kepco_charger\src\main\res\drawable\btsel_ac3.xml" qualifiers="" type="drawable"/><file name="btsel_amount_cost" path="D:\project\android\SmartCharger_CL\kepco_charger\src\main\res\drawable\btsel_amount_cost.xml" qualifiers="" type="drawable"/><file name="btsel_amount_kwh" path="D:\project\android\SmartCharger_CL\kepco_charger\src\main\res\drawable\btsel_amount_kwh.xml" qualifiers="" type="drawable"/><file name="btsel_bs" path="D:\project\android\SmartCharger_CL\kepco_charger\src\main\res\drawable\btsel_bs.xml" qualifiers="" type="drawable"/><file name="btsel_btype" path="D:\project\android\SmartCharger_CL\kepco_charger\src\main\res\drawable\btsel_btype.xml" qualifiers="" type="drawable"/><file name="btsel_cancel" path="D:\project\android\SmartCharger_CL\kepco_charger\src\main\res\drawable\btsel_cancel.xml" qualifiers="" type="drawable"/><file name="btsel_cancel2" path="D:\project\android\SmartCharger_CL\kepco_charger\src\main\res\drawable\btsel_cancel2.xml" qualifiers="" type="drawable"/><file name="btsel_chademo" path="D:\project\android\SmartCharger_CL\kepco_charger\src\main\res\drawable\btsel_chademo.xml" qualifiers="" type="drawable"/><file name="btsel_chend" path="D:\project\android\SmartCharger_CL\kepco_charger\src\main\res\drawable\btsel_chend.xml" qualifiers="" type="drawable"/><file name="btsel_combo" path="D:\project\android\SmartCharger_CL\kepco_charger\src\main\res\drawable\btsel_combo.xml" qualifiers="" type="drawable"/><file name="btsel_creditcard" path="D:\project\android\SmartCharger_CL\kepco_charger\src\main\res\drawable\btsel_creditcard.xml" qualifiers="" type="drawable"/><file name="btsel_ctype" path="D:\project\android\SmartCharger_CL\kepco_charger\src\main\res\drawable\btsel_ctype.xml" qualifiers="" type="drawable"/><file name="btsel_home" path="D:\project\android\SmartCharger_CL\kepco_charger\src\main\res\drawable\btsel_home.xml" qualifiers="" type="drawable"/><file name="btsel_membercard" path="D:\project\android\SmartCharger_CL\kepco_charger\src\main\res\drawable\btsel_membercard.xml" qualifiers="" type="drawable"/><file name="btsel_membernum" path="D:\project\android\SmartCharger_CL\kepco_charger\src\main\res\drawable\btsel_membernum.xml" qualifiers="" type="drawable"/><file name="btsel_num_0" path="D:\project\android\SmartCharger_CL\kepco_charger\src\main\res\drawable\btsel_num_0.xml" qualifiers="" type="drawable"/><file name="btsel_num_1" path="D:\project\android\SmartCharger_CL\kepco_charger\src\main\res\drawable\btsel_num_1.xml" qualifiers="" type="drawable"/><file name="btsel_num_2" path="D:\project\android\SmartCharger_CL\kepco_charger\src\main\res\drawable\btsel_num_2.xml" qualifiers="" type="drawable"/><file name="btsel_num_3" path="D:\project\android\SmartCharger_CL\kepco_charger\src\main\res\drawable\btsel_num_3.xml" qualifiers="" type="drawable"/><file name="btsel_num_4" path="D:\project\android\SmartCharger_CL\kepco_charger\src\main\res\drawable\btsel_num_4.xml" qualifiers="" type="drawable"/><file name="btsel_num_5" path="D:\project\android\SmartCharger_CL\kepco_charger\src\main\res\drawable\btsel_num_5.xml" qualifiers="" type="drawable"/><file name="btsel_num_6" path="D:\project\android\SmartCharger_CL\kepco_charger\src\main\res\drawable\btsel_num_6.xml" qualifiers="" type="drawable"/><file name="btsel_num_7" path="D:\project\android\SmartCharger_CL\kepco_charger\src\main\res\drawable\btsel_num_7.xml" qualifiers="" type="drawable"/><file name="btsel_num_8" path="D:\project\android\SmartCharger_CL\kepco_charger\src\main\res\drawable\btsel_num_8.xml" qualifiers="" type="drawable"/><file name="btsel_num_9" path="D:\project\android\SmartCharger_CL\kepco_charger\src\main\res\drawable\btsel_num_9.xml" qualifiers="" type="drawable"/><file name="btsel_num_bs" path="D:\project\android\SmartCharger_CL\kepco_charger\src\main\res\drawable\btsel_num_bs.xml" qualifiers="" type="drawable"/><file name="btsel_num_won" path="D:\project\android\SmartCharger_CL\kepco_charger\src\main\res\drawable\btsel_num_won.xml" qualifiers="" type="drawable"/><file name="btsel_ok" path="D:\project\android\SmartCharger_CL\kepco_charger\src\main\res\drawable\btsel_ok.xml" qualifiers="" type="drawable"/><file name="btsel_pay_calc" path="D:\project\android\SmartCharger_CL\kepco_charger\src\main\res\drawable\btsel_pay_calc.xml" qualifiers="" type="drawable"/><file name="btsel_re" path="D:\project\android\SmartCharger_CL\kepco_charger\src\main\res\drawable\btsel_re.xml" qualifiers="" type="drawable"/><file name="btsel_start" path="D:\project\android\SmartCharger_CL\kepco_charger\src\main\res\drawable\btsel_start.xml" qualifiers="" type="drawable"/><file name="btsel_stop" path="D:\project\android\SmartCharger_CL\kepco_charger\src\main\res\drawable\btsel_stop.xml" qualifiers="" type="drawable"/><file name="button_selector" path="D:\project\android\SmartCharger_CL\kepco_charger\src\main\res\drawable\button_selector.xml" qualifiers="" type="drawable"/><file name="button_selector_orange" path="D:\project\android\SmartCharger_CL\kepco_charger\src\main\res\drawable\button_selector_orange.xml" qualifiers="" type="drawable"/><file name="button_selector_red" path="D:\project\android\SmartCharger_CL\kepco_charger\src\main\res\drawable\button_selector_red.xml" qualifiers="" type="drawable"/><file name="comm_cell_chape" path="D:\project\android\SmartCharger_CL\kepco_charger\src\main\res\drawable\comm_cell_chape.xml" qualifiers="" type="drawable"/><file name="credit_card_ani_01" path="D:\project\android\SmartCharger_CL\kepco_charger\src\main\res\drawable\credit_card_ani_01.png" qualifiers="" type="drawable"/><file name="credit_card_ani_02" path="D:\project\android\SmartCharger_CL\kepco_charger\src\main\res\drawable\credit_card_ani_02.png" qualifiers="" type="drawable"/><file name="credit_card_ani_03" path="D:\project\android\SmartCharger_CL\kepco_charger\src\main\res\drawable\credit_card_ani_03.png" qualifiers="" type="drawable"/><file name="credit_card_ani_04" path="D:\project\android\SmartCharger_CL\kepco_charger\src\main\res\drawable\credit_card_ani_04.png" qualifiers="" type="drawable"/><file name="credit_card_ani_05" path="D:\project\android\SmartCharger_CL\kepco_charger\src\main\res\drawable\credit_card_ani_05.png" qualifiers="" type="drawable"/><file name="credit_card_ani_06" path="D:\project\android\SmartCharger_CL\kepco_charger\src\main\res\drawable\credit_card_ani_06.png" qualifiers="" type="drawable"/><file name="emergency" path="D:\project\android\SmartCharger_CL\kepco_charger\src\main\res\drawable\emergency.png" qualifiers="" type="drawable"/><file name="emg" path="D:\project\android\SmartCharger_CL\kepco_charger\src\main\res\drawable\emg.png" qualifiers="" type="drawable"/><file name="gage_bg" path="D:\project\android\SmartCharger_CL\kepco_charger\src\main\res\drawable\gage_bg.png" qualifiers="" type="drawable"/><file name="infobox_credit" path="D:\project\android\SmartCharger_CL\kepco_charger\src\main\res\drawable\infobox_credit.png" qualifiers="" type="drawable"/><file name="info_frame1" path="D:\project\android\SmartCharger_CL\kepco_charger\src\main\res\drawable\info_frame1.png" qualifiers="" type="drawable"/><file name="info_frame2" path="D:\project\android\SmartCharger_CL\kepco_charger\src\main\res\drawable\info_frame2.png" qualifiers="" type="drawable"/><file name="info_phone" path="D:\project\android\SmartCharger_CL\kepco_charger\src\main\res\drawable\info_phone.png" qualifiers="" type="drawable"/><file name="input_amount_frame" path="D:\project\android\SmartCharger_CL\kepco_charger\src\main\res\drawable\input_amount_frame.png" qualifiers="" type="drawable"/><file name="input_number_frame" path="D:\project\android\SmartCharger_CL\kepco_charger\src\main\res\drawable\input_number_frame.png" qualifiers="" type="drawable"/><file name="kepco_bg" path="D:\project\android\SmartCharger_CL\kepco_charger\src\main\res\drawable\kepco_bg.png" qualifiers="" type="drawable"/><file name="kepco_logo" path="D:\project\android\SmartCharger_CL\kepco_charger\src\main\res\drawable\kepco_logo.png" qualifiers="" type="drawable"/><file name="kepco_new_logo" path="D:\project\android\SmartCharger_CL\kepco_charger\src\main\res\drawable\kepco_new_logo.jpg" qualifiers="" type="drawable"/><file name="member_card_ani_01" path="D:\project\android\SmartCharger_CL\kepco_charger\src\main\res\drawable\member_card_ani_01.png" qualifiers="" type="drawable"/><file name="member_card_ani_02" path="D:\project\android\SmartCharger_CL\kepco_charger\src\main\res\drawable\member_card_ani_02.png" qualifiers="" type="drawable"/><file name="member_card_ani_03" path="D:\project\android\SmartCharger_CL\kepco_charger\src\main\res\drawable\member_card_ani_03.png" qualifiers="" type="drawable"/><file name="member_card_ani_04" path="D:\project\android\SmartCharger_CL\kepco_charger\src\main\res\drawable\member_card_ani_04.png" qualifiers="" type="drawable"/><file name="member_card_ani_05" path="D:\project\android\SmartCharger_CL\kepco_charger\src\main\res\drawable\member_card_ani_05.png" qualifiers="" type="drawable"/><file name="member_card_ani_06" path="D:\project\android\SmartCharger_CL\kepco_charger\src\main\res\drawable\member_card_ani_06.png" qualifiers="" type="drawable"/><file name="msgbox_bg" path="D:\project\android\SmartCharger_CL\kepco_charger\src\main\res\drawable\msgbox_bg.xml" qualifiers="" type="drawable"/><file name="popup" path="D:\project\android\SmartCharger_CL\kepco_charger\src\main\res\drawable\popup.png" qualifiers="" type="drawable"/><file name="pop_phone" path="D:\project\android\SmartCharger_CL\kepco_charger\src\main\res\drawable\pop_phone.png" qualifiers="" type="drawable"/><file name="progressbar_gage" path="D:\project\android\SmartCharger_CL\kepco_charger\src\main\res\drawable\progressbar_gage.xml" qualifiers="" type="drawable"/><file name="progressbar_gradient" path="D:\project\android\SmartCharger_CL\kepco_charger\src\main\res\drawable\progressbar_gradient.xml" qualifiers="" type="drawable"/><file name="rst_cmpt" path="D:\project\android\SmartCharger_CL\kepco_charger\src\main\res\drawable\rst_cmpt.png" qualifiers="" type="drawable"/><file name="rst_err" path="D:\project\android\SmartCharger_CL\kepco_charger\src\main\res\drawable\rst_err.png" qualifiers="" type="drawable"/><file name="setting_list_border" path="D:\project\android\SmartCharger_CL\kepco_charger\src\main\res\drawable\setting_list_border.xml" qualifiers="" type="drawable"/><file name="status_charging" path="D:\project\android\SmartCharger_CL\kepco_charger\src\main\res\drawable\status_charging.png" qualifiers="" type="drawable"/><file name="status_comm" path="D:\project\android\SmartCharger_CL\kepco_charger\src\main\res\drawable\status_comm.png" qualifiers="" type="drawable"/><file name="status_dsp" path="D:\project\android\SmartCharger_CL\kepco_charger\src\main\res\drawable\status_dsp.png" qualifiers="" type="drawable"/><file name="status_fault" path="D:\project\android\SmartCharger_CL\kepco_charger\src\main\res\drawable\status_fault.png" qualifiers="" type="drawable"/><file name="status_meter" path="D:\project\android\SmartCharger_CL\kepco_charger\src\main\res\drawable\status_meter.png" qualifiers="" type="drawable"/><file name="status_normal" path="D:\project\android\SmartCharger_CL\kepco_charger\src\main\res\drawable\status_normal.png" qualifiers="" type="drawable"/><file name="status_rfcard" path="D:\project\android\SmartCharger_CL\kepco_charger\src\main\res\drawable\status_rfcard.png" qualifiers="" type="drawable"/><file name="waiting" path="D:\project\android\SmartCharger_CL\kepco_charger\src\main\res\drawable\waiting.png" qualifiers="" type="drawable"/><file name="activity_kepco_ui" path="D:\project\android\SmartCharger_CL\kepco_charger\src\main\res\layout\activity_kepco_ui.xml" qualifiers="" type="layout"/><file name="list_dbg_msg_list" path="D:\project\android\SmartCharger_CL\kepco_charger\src\main\res\layout\list_dbg_msg_list.xml" qualifiers="" type="layout"/><file name="list_dsp_packet_list" path="D:\project\android\SmartCharger_CL\kepco_charger\src\main\res\layout\list_dsp_packet_list.xml" qualifiers="" type="layout"/><file name="page_admin_pwd" path="D:\project\android\SmartCharger_CL\kepco_charger\src\main\res\layout\page_admin_pwd.xml" qualifiers="" type="layout"/><file name="page_auth_member_card" path="D:\project\android\SmartCharger_CL\kepco_charger\src\main\res\layout\page_auth_member_card.xml" qualifiers="" type="layout"/><file name="page_auth_pay_wait" path="D:\project\android\SmartCharger_CL\kepco_charger\src\main\res\layout\page_auth_pay_wait.xml" qualifiers="" type="layout"/><file name="page_charging" path="D:\project\android\SmartCharger_CL\kepco_charger\src\main\res\layout\page_charging.xml" qualifiers="" type="layout"/><file name="page_charging_stop_yn" path="D:\project\android\SmartCharger_CL\kepco_charger\src\main\res\layout\page_charging_stop_yn.xml" qualifiers="" type="layout"/><file name="page_connector_wait" path="D:\project\android\SmartCharger_CL\kepco_charger\src\main\res\layout\page_connector_wait.xml" qualifiers="" type="layout"/><file name="page_connect_car_wait" path="D:\project\android\SmartCharger_CL\kepco_charger\src\main\res\layout\page_connect_car_wait.xml" qualifiers="" type="layout"/><file name="page_credit_card_pay" path="D:\project\android\SmartCharger_CL\kepco_charger\src\main\res\layout\page_credit_card_pay.xml" qualifiers="" type="layout"/><file name="page_credit_card_pay_old" path="D:\project\android\SmartCharger_CL\kepco_charger\src\main\res\layout\page_credit_card_pay_old.xml" qualifiers="" type="layout"/><file name="page_dbg_msg" path="D:\project\android\SmartCharger_CL\kepco_charger\src\main\res\layout\page_dbg_msg.xml" qualifiers="" type="layout"/><file name="page_dsp_monitor" path="D:\project\android\SmartCharger_CL\kepco_charger\src\main\res\layout\page_dsp_monitor.xml" qualifiers="" type="layout"/><file name="page_emergency_box" path="D:\project\android\SmartCharger_CL\kepco_charger\src\main\res\layout\page_emergency_box.xml" qualifiers="" type="layout"/><file name="page_fault_box" path="D:\project\android\SmartCharger_CL\kepco_charger\src\main\res\layout\page_fault_box.xml" qualifiers="" type="layout"/><file name="page_finish_charging" path="D:\project\android\SmartCharger_CL\kepco_charger\src\main\res\layout\page_finish_charging.xml" qualifiers="" type="layout"/><file name="page_finish_fault" path="D:\project\android\SmartCharger_CL\kepco_charger\src\main\res\layout\page_finish_fault.xml" qualifiers="" type="layout"/><file name="page_input_cost" path="D:\project\android\SmartCharger_CL\kepco_charger\src\main\res\layout\page_input_cost.xml" qualifiers="" type="layout"/><file name="page_input_kwh" path="D:\project\android\SmartCharger_CL\kepco_charger\src\main\res\layout\page_input_kwh.xml" qualifiers="" type="layout"/><file name="page_input_number" path="D:\project\android\SmartCharger_CL\kepco_charger\src\main\res\layout\page_input_number.xml" qualifiers="" type="layout"/><file name="page_input_pwd" path="D:\project\android\SmartCharger_CL\kepco_charger\src\main\res\layout\page_input_pwd.xml" qualifiers="" type="layout"/><file name="page_message_box" path="D:\project\android\SmartCharger_CL\kepco_charger\src\main\res\layout\page_message_box.xml" qualifiers="" type="layout"/><file name="page_select_amount_type" path="D:\project\android\SmartCharger_CL\kepco_charger\src\main\res\layout\page_select_amount_type.xml" qualifiers="" type="layout"/><file name="page_select_auth" path="D:\project\android\SmartCharger_CL\kepco_charger\src\main\res\layout\page_select_auth.xml" qualifiers="" type="layout"/><file name="page_select_fast" path="D:\project\android\SmartCharger_CL\kepco_charger\src\main\res\layout\page_select_fast.xml" qualifiers="" type="layout"/><file name="page_select_slow" path="D:\project\android\SmartCharger_CL\kepco_charger\src\main\res\layout\page_select_slow.xml" qualifiers="" type="layout"/><file name="page_setting" path="D:\project\android\SmartCharger_CL\kepco_charger\src\main\res\layout\page_setting.xml" qualifiers="" type="layout"/><file name="page_start" path="D:\project\android\SmartCharger_CL\kepco_charger\src\main\res\layout\page_start.xml" qualifiers="" type="layout"/><file name="page_unplug" path="D:\project\android\SmartCharger_CL\kepco_charger\src\main\res\layout\page_unplug.xml" qualifiers="" type="layout"/><file name="ask_stop_charging" path="D:\project\android\SmartCharger_CL\kepco_charger\src\main\res\raw\ask_stop_charging.mp3" qualifiers="" type="raw"/><file name="auth_card" path="D:\project\android\SmartCharger_CL\kepco_charger\src\main\res\raw\auth_card.mp3" qualifiers="" type="raw"/><file name="auth_credit" path="D:\project\android\SmartCharger_CL\kepco_charger\src\main\res\raw\auth_credit.mp3" qualifiers="" type="raw"/><file name="auth_credit_kwh" path="D:\project\android\SmartCharger_CL\kepco_charger\src\main\res\raw\auth_credit_kwh.mp3" qualifiers="" type="raw"/><file name="auth_credit_wait" path="D:\project\android\SmartCharger_CL\kepco_charger\src\main\res\raw\auth_credit_wait.mp3" qualifiers="" type="raw"/><file name="auth_number" path="D:\project\android\SmartCharger_CL\kepco_charger\src\main\res\raw\auth_number.mp3" qualifiers="" type="raw"/><file name="auth_password" path="D:\project\android\SmartCharger_CL\kepco_charger\src\main\res\raw\auth_password.mp3" qualifiers="" type="raw"/><file name="auth_select" path="D:\project\android\SmartCharger_CL\kepco_charger\src\main\res\raw\auth_select.mp3" qualifiers="" type="raw"/><file name="auth_wait" path="D:\project\android\SmartCharger_CL\kepco_charger\src\main\res\raw\auth_wait.mp3" qualifiers="" type="raw"/><file name="cable_select" path="D:\project\android\SmartCharger_CL\kepco_charger\src\main\res\raw\cable_select.mp3" qualifiers="" type="raw"/><file name="charging" path="D:\project\android\SmartCharger_CL\kepco_charger\src\main\res\raw\charging.mp3" qualifiers="" type="raw"/><file name="charging_error" path="D:\project\android\SmartCharger_CL\kepco_charger\src\main\res\raw\charging_error.mp3" qualifiers="" type="raw"/><file name="connecting" path="D:\project\android\SmartCharger_CL\kepco_charger\src\main\res\raw\connecting.mp3" qualifiers="" type="raw"/><file name="connector_org" path="D:\project\android\SmartCharger_CL\kepco_charger\src\main\res\raw\connector_org.mp3" qualifiers="" type="raw"/><file name="connect_wait" path="D:\project\android\SmartCharger_CL\kepco_charger\src\main\res\raw\connect_wait.mp3" qualifiers="" type="raw"/><file name="credit_cardtag" path="D:\project\android\SmartCharger_CL\kepco_charger\src\main\res\raw\credit_cardtag.mp3" qualifiers="" type="raw"/><file name="emergency" path="D:\project\android\SmartCharger_CL\kepco_charger\src\main\res\raw\emergency.mp3" qualifiers="" type="raw"/><file name="finish_charging" path="D:\project\android\SmartCharger_CL\kepco_charger\src\main\res\raw\finish_charging.mp3" qualifiers="" type="raw"/><file name="ready" path="D:\project\android\SmartCharger_CL\kepco_charger\src\main\res\raw\ready.mp3" qualifiers="" type="raw"/><file name="select_method" path="D:\project\android\SmartCharger_CL\kepco_charger\src\main\res\raw\select_method.mp3" qualifiers="" type="raw"/><file name="unplug" path="D:\project\android\SmartCharger_CL\kepco_charger\src\main\res\raw\unplug.mp3" qualifiers="" type="raw"/><file path="D:\project\android\SmartCharger_CL\kepco_charger\src\main\res\values\attrs.xml" qualifiers=""><declare-styleable name="ButtonBarContainerTheme">
        <attr format="reference" name="metaButtonBarStyle"/>
        <attr format="reference" name="metaButtonBarButtonStyle"/>
    </declare-styleable></file><file path="D:\project\android\SmartCharger_CL\kepco_charger\src\main\res\values\colors.xml" qualifiers=""><drawable name="bt_bg">#00b5a4</drawable><drawable name="bt_bg_pressed">#50a594</drawable><drawable name="bt_bg_orange">#ffa200</drawable><drawable name="bt_bg_pressed_orange">#c97c00</drawable><drawable name="bt_bg_red">#f24900</drawable><drawable name="bt_bg_pressed_red">#ae2600</drawable><color name="colorCell">#aa015093</color><color name="colorCellDsp">#aaca9b00</color><color name="colorCellDebugMsg">#872b00c6</color></file><file path="D:\project\android\SmartCharger_CL\kepco_charger\src\main\res\values\strings.xml" qualifiers=""><string name="app_name">kepco charger</string><string name="title_activity_moile_charger">MoileChargerActivity</string><string name="company_name">JoongAng Control</string><string name="string_btype">B-Type</string><string name="string_ctype">C-Type</string><string name="string_authwait">User authorization is in progress. Please wait.</string><string name="string_cardtag">Please tag your membership card.</string><string name="string_home">Home</string><string name="string_connector_wait">Waiting for charging connector to be connected.</string><string name="string_conector_begin_charging">Charging begins when the connector is connected to the vehicle.</string><string name="string_select_charging_method">Please select the charging method</string><string name="string_charging">Charging.</string><string name="string_charge_amount">Charge amount:</string><string name="string_charging_time">Charging time:</string><string name="string_time_remain">Time remaining:</string><string name="string_finish_charging">Finish</string><string name="title_finish_charging">Charging Finished</string><string name="sub_title_finish_charging">Charging has finished. Remove the connector.</string><string name="string_save">Save</string><string name="string_hide_kbd">Hide KBD</string><string name="string_basicset">BASICSET</string><string name="string_input_admin_password">Input Admin Password</string><string name="string_password_incorrect">Password is incorrect.</string><string name="string_comm_monitor">CommMNT</string><string name="string_hide">Hide</string><string name="string_connect_car_wait">Waiting for connecting to car</string><string name="string_finish_app">FinishApp</string><string name="string_clear">Clear</string><string name="string_charging_cost">Charging cost:</string><string name="string_ac3">AC3</string><string name="string_dcchademo">DC CHAdeMO</string><string name="string_dccombo">DC COMBO</string><string name="faultstr_406_inp_stack_overtemp">입력 스택 과온도 발생</string><string name="title_activity_slow_iotvideo">MainActivity</string><string name="faultstr_406_diaode_stack_overtemp">다이오드 스택 과온도 발생</string><string name="faultstr_406_out_stack_overtemp">출력 스택 과온도 발생</string><string name="faultstr_406_trans_overtemp">트랜스/리액터 과온도 발생</string><string name="faultstr_406_emergency_button">비상스위치 동작</string><string name="faultstr_406_coupler_lock_err">충전 커플러 잠김상태 불량</string><string name="faultstr_406_pilot_signal_err">파일럿 신호 오류</string><string name="faultstr_406_out_fuse_err">출력단 퓨즈 상태이상</string><string name="faultstr_406_mc_err">MC 오류</string><string name="faultstr_406_line_insulation_err">선간절연 이상</string><string name="faultstr_406_plc_comm_err">PLC 통신 fail</string><string name="faultstr_406_dclink_overvoltage">DC 링크 과전압</string><string name="faultstr_406_dclink_lowvoltage">DC 링크 저전압</string><string name="faultstr_406_inp_a_overcurrent">입력 A상 과전류 발생</string><string name="faultstr_406_inp_b_overcurrent">입력 B상 과전류 발생</string><string name="faultstr_406_charging_system_err">충전 시스템 오류</string><string name="faultstr_407_car_batt_overvoltage">차량 배터리 과전압 오류(차량간 협상 실패)</string><string name="faultstr_407_car_batt_lowvoltage">차량 배터리 저전압 오류(차량간 협상 실패)</string><string name="faultstr_407_ct1_overcurrent">CT1 과전류 발생</string><string name="faultstr_407_ct2_overcurrent">CT2 과전류 발생</string><string name="faultstr_407_ct3_overcurrent">CT3 과전류 발생</string><string name="faultstr_407_ct4_overcurrent">CT4 과전류 발생</string><string name="faultstr_407_ct5_overcurrent">CT5 과전류 발생</string><string name="faultstr_407_gate_driver_u_err">게이트 드라이버 U 오류</string><string name="faultstr_407_gate_driver_v_err">게이트 드라이버 V 오류</string><string name="faultstr_407_gate_driver_w_err">게이트 드라이버 W 오류</string><string name="faultstr_407_gate_driver_p_err">게이트 드라이버 P 오류</string><string name="faultstr_407_gate_driver_n_err">게이트 드라이버 N 오류</string><string name="faultstr_407_gate_driver_err">게이트 드라이버 오류</string><string name="faultstr_407_board_inp_voltage_15vd_err">보드 입력전원 오류(+15VD)</string><string name="faultstr_407_board_inp_voltage_15v_err">보드 입력전원 오류(+15V)</string><string name="faultstr_408_board_inp_voltage_24v_err">보드 입력전원 오류(+24V)</string><string name="faultstr_408_board_inp_voltage_n15v_err">보드 입력전원 오류(-15V)</string><string name="faultstr_408_out_overvoltage_combo">출력 과전압오류(DC 콤보)</string><string name="faultstr_408_inp_freq_error">입력전원 주파수 이상</string><string name="faultstr_408_charging_current_gap_error">충전전류 편차 오류(차량간 협상 실패)</string><string name="faultstr_408_charging_voltage_gap_error">충전전압 범위/편차 오류(차량간 협상 실패)</string><string name="faultstr_408_charging_system_compatibility_err">충전시스템 호환성 문제 오류(차량간 협상 실패)</string><string name="faultstr_408_inp_lowvoltage_vab">입력 저전압 발생(Vab)(주전원 차단기 동작)</string><string name="faultstr_408_inp_lowvoltage_vbc">입력 저전압 발생(Vbc)</string><string name="faultstr_408_vd_error">Vd error</string><string name="faultstr_408_plus_vq_error">+Vq error</string><string name="faultstr_408_minus_vq_error">-Vq error</string><string name="faultstr_408_car_battery_temp_error">차량 배터리 온도문제 발생(차량간 협상 실패)</string><string name="faultstr_408_overvoltage">과전압</string><string name="faultstr_408_out_overvoltage_chademo">출력 과전압 오류(차데모)</string><string name="faultstr_409_chademo_relay_fusion">차데모 출력릴레이 융착 발생</string><string name="faultstr_409_combo_relay_fusion">콤보 출력릴레이 융착 발생</string><string name="faultstr_409_ui_dsp_comm_err">UI-DSP간 통신 오류</string><string name="faultstr_409_charger_car_comm_err">충전기에서 차량으로 통신 미전송(차량간 협상 실패)</string><string name="faultstr_409_control_board_err">제어보드 Error</string><string name="faultstr_409_inp_overvoltage_vbc">입력 과전압 발생(Vbc)</string><string name="faultstr_409_module_err_1">모듈 이상#1</string><string name="faultstr_409_overcurrent">과전류</string><string name="faultstr_409_precharge_1">프리차지 오류 #1</string><string name="faultstr_409_precharge_2">프리차지 오류 #2</string><string name="faultstr_409_precharging_err">Pre-charging 오류</string><string name="faultstr_409_module_err_2">모듈 이상 #2</string><string name="faultstr_409_combo_connector_overtemp">콤보커넥터 과온도 발생</string><string name="faultstr_409_combo_connector_lock">콤보커넥터 잠김 오류</string><string name="faultstr_409_module_err_3">모듈 이상 #3</string><string name="faultstr_409_module_err_4">모듈 이상 #4</string><string name="faultstr_416_emergency_bt">비상스위치 동작</string><string name="faultstr_416_car_battery_system_err">차량 배터리 시스템 오류(차량간 협상 실패)</string><string name="faultstr_416_rcd_off">차단기(RCD) OFF 상태</string><string name="faultstr_416_temperature_err">온도 이상</string><string name="faultstr_416_out_overcurrent">출력 과전류 발생(Iout)</string><string name="faultstr_416_main_breaker">주전원 차단기 동작</string><string name="faultstr_416_mc_fusion">MC 융착</string><string name="faultstr_416_cp_fail">CP fail</string><string name="faultstr_416_car_gear_stat">차량 기어상태 확인(P)(차량간 협상 실패)</string><string name="faultstr_416_can_comm_err">CAN 통신 Fail</string><string name="faultstr_416_meter_comm_err">전력량계 통신 오류</string><string name="faultstr_416_dsp_eim_comm_err">DSP-EIM간 통신 오류</string><string name="faultstr_416_module_control_comm_err">충전모듈-컨트롤보드간 통신 오류</string><string name="faultstr_416_bms_voltage_err">BMS 전압상태 오류</string><string name="faultstr_416_car_bms_err">차량상태/BMS 오류</string><string name="faultstr_416_internal_voltage_test_err">충전기 자체 전압테스트 오류</string><string name="faultstr_423_0_emergency_bt">비상스위치 동작</string><string name="faultstr_423_1_mc1_err">MC1 접점에러 or 융착</string><string name="faultstr_423_2_mc2_err">MC2 접점에러 or 융착</string><string name="faultstr_423_3_mc3_err">MC3 접점에러 or 융착</string><string name="faultstr_423_4_relay1_err">Relay1 접점에러 or 융착</string><string name="faultstr_423_5_relay2_err">Relay2 접점에러 or 융착</string><string name="faultstr_423_6_relay3_err">Relay3 접점에러 or 융착</string><string name="faultstr_423_7_relay4_err">Relay3 접점에러 or 융착</string><string name="faultstr_423_9_inp_overvoltage">입력 과전압 발생</string><string name="faultstr_423_10_temperature_err">온도 이상</string><string name="faultstr_423_11_module_control_comm_err">충전모듈-컨트롤보드간 통신 오류</string><string name="faultstr_423_12_crtlboard1_ctrlboard2_comm_err">컨트롤보드1 - 컨트롤보드2 통신오류</string><string name="faultstr_423_13_meter_comm_err">전력량계 1 오류</string><string name="faultstr_423_14_meter_comm_err">전력량계 2 오류</string><string name="faultstr_423_15_inp_lowvoltage">입력 저전압 발생</string><string name="faultstr_425_0_rcd_off">차단기(RCD) OFF 상태</string><string name="faultstr_425_1_ac_relay_err">AC relay 상태이상</string><string name="faultstr_425_2_ac_leak">AC 누설 발생</string><string name="faultstr_425_3_ac_rcm_err">AC RCM 불량</string><string name="faultstr_425_4_out_overcurrent">출력 과전류 발생(Iout)</string><string name="faultstr_425_5_ac_fg_err">AC FG 불량</string><string name="faultstr_425_6_ac_cp_error">AC CP 에러</string><string name="string_emergency_title">비상 버턴을 해제하여 주세요</string><string name="string_fault_title">오류 발생!</string><string name="str_tag_finish_charging">충전을 끝내시려면 카드를 테깅하세요</string><string name="str_auth_fail_title">인증 실패</string><string name="str_auth_fail_content">"카드 인증에 실패하였습니다.
확인하시고 다시 시도해 주시기 바랍니다."</string><string name="str_hard_reset_title">Hard Reset</string><string name="str_hard_reset_content">원격에서 리셋 명령으로 인하여 재부팅이 진행됩니다</string><string name="str_soft_reset_title">Soft Reset</string><string name="str_soft_reset_content">원격에서 "Soft Reset" 명령으로 인하여 초기화됩니다</string></file><file path="D:\project\android\SmartCharger_CL\kepco_charger\src\main\res\values\styles.xml" qualifiers=""><style name="AppTheme" parent="Theme.AppCompat.Light"/><style name="FullscreenTheme" parent="AppTheme">
        <item name="android:windowActionBarOverlay">true</item>
        <item name="android:windowBackground">@null</item>
        <item name="metaButtonBarStyle">?android:attr/buttonBarStyle</item>
        <item name="metaButtonBarButtonStyle">?android:attr/buttonBarButtonStyle</item>
    </style><style name="WhiteTextWithShadow" parent="@android:style/TextAppearance">
        <item name="android:shadowDx">1</item>
        <item name="android:shadowDy">1</item>
        <item name="android:shadowRadius">1</item>
        <item name="android:shadowColor">#686868</item>
        <item name="android:textColor">@android:color/white</item>
    </style></file></source><source path="D:\project\android\SmartCharger_CL\kepco_charger\build\generated\res\rs\debug"/><source path="D:\project\android\SmartCharger_CL\kepco_charger\build\generated\res\resValues\debug"/></dataSet><dataSet aapt-namespace="http://schemas.android.com/apk/res-auto" config="debug$Generated" generated="true" ignore_pattern="!.svn:!.git:!.ds_store:!*.scc:.*:&lt;dir>_*:!CVS:!thumbs.db:!picasa.ini:!*~"><source path="D:\project\android\SmartCharger_CL\kepco_charger\src\debug\res"/></dataSet><dataSet aapt-namespace="http://schemas.android.com/apk/res-auto" config="debug" generated-set="debug$Generated" ignore_pattern="!.svn:!.git:!.ds_store:!*.scc:.*:&lt;dir>_*:!CVS:!thumbs.db:!picasa.ini:!*~"><source path="D:\project\android\SmartCharger_CL\kepco_charger\src\debug\res"/></dataSet><mergedItems><configuration qualifiers=""><declare-styleable name="ButtonBarContainerTheme">
        <attr format="reference" name="metaButtonBarStyle"/>
        <attr format="reference" name="metaButtonBarButtonStyle"/>
    </declare-styleable></configuration></mergedItems></merger>