<?xml version="1.0" encoding="utf-8"?>
<selector xmlns:android="http://schemas.android.com/apk/res/android">
    <item android:state_pressed="true">
        <shape android:shape="rectangle"  >
            <corners android:radius="5dip" />
            <stroke android:width="1dip" android:color="#36615d" />
            <gradient android:angle="-90" android:startColor="#118f84" android:endColor="#00b5a4"  />
        </shape>
    </item>
    <item android:state_enabled="true">
        <shape android:shape="rectangle"  >
            <corners android:radius="5dip" />
            <stroke android:width="1dip" android:color="#36615d" />
            <gradient android:angle="-90" android:startColor="#00b5a4" android:endColor="#118f84" />
        </shape>
    </item>
</selector>