<?xml version="1.0" encoding="utf-8"?>
<!--
  ~ Copyright (C) 2017 JoongAng Control, Inc - All Rights Reserved
  ~ Unauthorized copying of this file, via any medium is strictly prohibited
  ~ Proprietary and confidential
  ~ Written by Sungchul Choi <scchoi@joas.co.kr>, 18. 6. 22 오전 8:49
  ~
  -->

<selector xmlns:android="http://schemas.android.com/apk/res/android">
    <item android:state_pressed="true">
        <shape android:shape="rectangle"  >
            <corners android:radius="5dip" />
            <stroke android:width="1dip" android:color="#9c2b0f" />
            <gradient android:angle="-90" android:startColor="#d1360f" android:endColor="#ff3300"  />
        </shape>
    </item>
    <item android:state_enabled="true">
        <shape android:shape="rectangle"  >
            <corners android:radius="5dip" />
            <stroke android:width="1dip" android:color="#9c2b0f" />
            <gradient android:angle="-90" android:startColor="#ff3300" android:endColor="#d1360f" />
        </shape>
    </item>
</selector>