<?xml version="1.0" encoding="utf-8"?>
<!--
  ~ Copyright (C) 2017 JoongAng Control, Inc - All Rights Reserved
  ~ Unauthorized copying of this file, via any medium is strictly prohibited
  ~ Proprietary and confidential
  ~ Written by Sungchul Choi <scchoi@joas.co.kr>, 18. 6. 22 오전 8:37
  ~
  -->
<selector xmlns:android="http://schemas.android.com/apk/res/android">
    <item android:state_pressed="true">
        <shape android:shape="rectangle"  >
            <corners android:radius="5dip" />
            <stroke android:width="1dip" android:color="#9e6528" />
            <gradient android:angle="-90" android:startColor="#d27510" android:endColor="#ff8400"  />
        </shape>
    </item>
    <item android:state_enabled="true">
        <shape android:shape="rectangle"  >
            <corners android:radius="5dip" />
            <stroke android:width="1dip" android:color="#9e6528" />
            <gradient android:angle="-90" android:startColor="#ff8400" android:endColor="#d27510" />
        </shape>
    </item>
</selector>